Dataset Index,Dataset,Dataset Version,Model,Feature Engineering Description,Hyperparameter Description,Avg f1_macro,Std dev between folds,Train-Test Gap,# Columns,Model Complexity,Fit Time
0,breast-w,1,kNN,Original Features,n_neighbors=5,0.9602401304675562,0.03465016996651149,0.015800714856657017,9,0,0.004188966751098633
0,breast-w,1,kNN,Original Features,n_neighbors=10,0.9549128372669534,0.044677361123309854,0.009826069043878172,9,0,0.00398859977722168
0,breast-w,1,ikNN,Original Features,default,0.9508306607381485,0.03511215834513153,0.013234550746839213,9,0,1.2458671092987061
1,credit-approval,1,kNN,Original Features,n_neighbors=5,0.6786806078323291,0.04780425803445315,0.10164485112101529,60,0,0.0031916141510009766
1,credit-approval,1,kNN,Original Features,n_neighbors=10,0.6823748467215118,0.03645165287733057,0.04937289200036754,60,0,0.002193307876586914
1,credit-approval,1,ikNN,Original Features,default,0.851430700246547,0.16339689241124622,0.007406361480490786,60,0,2.8886715888977053
2,credit-g,1,kNN,Original Features,n_neighbors=5,0.5252505562675738,0.03673087843558922,0.14293367124674516,74,0,0.004187631607055664
2,credit-g,1,kNN,Original Features,n_neighbors=10,0.5069505875364069,0.037178178805043344,0.11938444664368864,74,0,0.0031762123107910156
2,credit-g,1,ikNN,Original Features,default,0.553352959391957,0.07582643036691872,0.04459191478772695,74,0,4.490586137771606
3,diabetes,1,kNN,Original Features,n_neighbors=5,0.6833602693423673,0.032873493253590895,0.08522766607227694,8,0,0.0035889148712158203
3,diabetes,1,kNN,Original Features,n_neighbors=10,0.6976946294128566,0.03550560756756162,0.03975198150841963,8,0,0.003988790512084961
3,diabetes,1,ikNN,Original Features,default,0.6726093686929343,0.022040445768569027,0.062096248359075124,8,0,1.020868682861328
4,sick,1,kNN,Original Features,n_neighbors=5,0.5791952073297449,0.022756042625715095,0.07526813067344207,76,0,0.005784511566162109
4,sick,1,kNN,Original Features,n_neighbors=10,0.5128380088966606,0.011042047057857742,0.031943048401497864,76,0,0.005983924865722657
4,sick,1,ikNN,Original Features,default,0.8349180492054922,0.03445217115121775,0.023692421236803596,76,0,16.43464288711548
5,yeast,1,kNN,Original Features,n_neighbors=5,0.5272794267243436,0.04076764745142041,0.1249582380656894,8,0,0.004786777496337891
5,yeast,1,kNN,Original Features,n_neighbors=10,0.5507186187434383,0.03936998382745952,0.06359102773321279,8,0,0.004985904693603516
5,yeast,1,ikNN,Original Features,default,0.35340070941327245,0.05028353968486041,0.13029665084726683,8,0,1.7098256587982177
6,baseball,1,kNN,Original Features,n_neighbors=5,0.5934402531873908,0.03157661367402384,0.11692097823328196,23,0,0.0022552967071533202
6,baseball,1,kNN,Original Features,n_neighbors=10,0.5841283040070986,0.04617877997942,0.08967736780282021,23,0,0.0029924392700195314
6,baseball,1,ikNN,Original Features,default,0.5487216624427934,0.045254992796721294,0.09307358138102328,23,0,2.3104191780090333
7,oil_spill,1,kNN,Original Features,n_neighbors=5,0.5051881238267554,0.03600570446129009,0.0667568866588163,49,0,0.002194070816040039
7,oil_spill,1,kNN,Original Features,n_neighbors=10,0.48881639383104714,0.0006031545126481723,0.017371319614143732,49,0,0.0023933887481689454
7,oil_spill,1,ikNN,Original Features,default,0.578380198376223,0.08665670236409069,0.10847529951477752,49,0,2.714537525177002
8,irish,1,kNN,Original Features,n_neighbors=5,0.6495173333469759,0.05609044127698988,0.15837062921410028,21,0,0.0023932456970214844
8,irish,1,kNN,Original Features,n_neighbors=10,0.6371386129446256,0.05295386759809199,0.09786693595495743,21,0,0.0035904407501220702
8,irish,1,ikNN,Original Features,default,0.8912896286777496,0.10060257871199163,0.013693496466736454,21,0,1.352781057357788
9,profb,1,kNN,Original Features,n_neighbors=5,0.5242051553499119,0.04812497047944567,0.15621962021709324,14,0,0.0037895679473876954
9,profb,1,kNN,Original Features,n_neighbors=10,0.5153027218809888,0.02219016461456154,0.07595072005424985,14,0,0.003590965270996094
9,profb,1,ikNN,Original Features,default,0.4619201059952568,0.045767117584930614,0.07853008516403082,14,0,1.3850942611694337
10,rmftsa_sleepdata,1,kNN,Original Features,n_neighbors=5,0.6216852092980194,0.0858317514405023,0.14543594285325923,2,0,0.002392864227294922
10,rmftsa_sleepdata,1,kNN,Original Features,n_neighbors=10,0.6654508898673874,0.12569875607242093,0.09350794235509974,2,0,0.0029924869537353515
10,rmftsa_sleepdata,1,ikNN,Original Features,default,0.629712138752503,0.09155067969535281,0.13150529912188147,2,0,0.05066418647766113
11,fri_c3_1000_25,2,kNN,Original Features,n_neighbors=5,0.6312674432317229,0.047311774838221604,0.13627182541668315,25,0,0.002393484115600586
11,fri_c3_1000_25,2,kNN,Original Features,n_neighbors=10,0.6152018331811849,0.046622115582074894,0.09631344859797675,25,0,0.0023931026458740234
11,fri_c3_1000_25,2,ikNN,Original Features,default,0.8533295639855076,0.021033919424069226,0.05561016011713937,25,0,2.156430959701538
12,rmftsa_ladata,2,kNN,Original Features,n_neighbors=5,0.78152228593038,0.12216518770159754,0.09604656754023144,10,0,0.0035907268524169923
12,rmftsa_ladata,2,kNN,Original Features,n_neighbors=10,0.8004109367606954,0.10780554429370465,0.05788491123308048,10,0,0.002792072296142578
12,rmftsa_ladata,2,ikNN,Original Features,default,0.8453161747874374,0.12472132283836011,0.05025455517422439,10,0,1.2482603549957276
13,fri_c4_1000_25,2,kNN,Original Features,n_neighbors=5,0.6050611518947269,0.022967482615414564,0.16243607110103775,25,0,0.003989028930664063
13,fri_c4_1000_25,2,kNN,Original Features,n_neighbors=10,0.6040253345134442,0.029134133149689084,0.08495540610606167,25,0,0.001994752883911133
13,fri_c4_1000_25,2,ikNN,Original Features,default,0.8380665061549667,0.04373736269770849,0.058866419882308785,25,0,2.1851542949676515
14,analcatdata_supreme,2,kNN,Original Features,n_neighbors=5,0.8544495889465757,0.19527143494476448,0.13970115468416178,7,0,0.010372209548950195
14,analcatdata_supreme,2,kNN,Original Features,n_neighbors=10,0.8772007106045713,0.18900672902026838,0.11458372034551534,7,0,0.013563919067382812
14,analcatdata_supreme,2,ikNN,Original Features,default,0.8294677719544357,0.23354649958746138,0.1619737231141002,7,0,3.9320804595947267
15,space_ga,2,kNN,Original Features,n_neighbors=5,0.49544645270447374,0.03832438687206712,0.2508179193412694,6,0,0.007180595397949218
15,space_ga,2,kNN,Original Features,n_neighbors=10,0.4743952737581676,0.05954373739500186,0.2243759813104521,6,0,0.00718073844909668
15,space_ga,2,ikNN,Original Features,default,0.7679810251965407,0.041693903574880446,0.07613767160102525,6,0,1.5963294506072998
16,fri_c3_1000_10,2,kNN,Original Features,n_neighbors=5,0.7839122505755267,0.006837574924461471,0.0831831117944799,10,0,0.0033907413482666014
16,fri_c3_1000_10,2,kNN,Original Features,n_neighbors=10,0.7667643415178168,0.03234114340071951,0.05926807302208337,10,0,0.0035904407501220702
16,fri_c3_1000_10,2,ikNN,Original Features,default,0.8268865057539021,0.013143729336865823,0.06151876367379994,10,0,1.8763800144195557
17,fri_c1_1000_5,2,kNN,Original Features,n_neighbors=5,0.8870521120103823,0.025643820052229854,0.0545706947525717,5,0,0.002792501449584961
17,fri_c1_1000_5,2,kNN,Original Features,n_neighbors=10,0.8787466261561747,0.020414204626509558,0.04738695381100866,5,0,0.0029920101165771484
17,fri_c1_1000_5,2,ikNN,Original Features,default,0.8516890674057691,0.0160368334532231,0.044454887055554226,5,0,0.40990338325500486
18,fri_c3_500_5,2,kNN,Original Features,n_neighbors=5,0.855791443154556,0.03376023665794714,0.06862247962976686,5,0,0.0021938800811767576
18,fri_c3_500_5,2,kNN,Original Features,n_neighbors=10,0.8676315603805135,0.041545741577390015,0.034190596531376016,5,0,0.002792501449584961
18,fri_c3_500_5,2,ikNN,Original Features,default,0.8407783315600609,0.03326917622116334,0.0630868638677422,5,0,0.2632953643798828
19,pm10,2,kNN,Original Features,n_neighbors=5,0.5548646988519821,0.028385905946692016,0.16906630315729065,7,0,0.0021939754486083986
19,pm10,2,kNN,Original Features,n_neighbors=10,0.555477037979486,0.04431994692246812,0.09617734624897412,7,0,0.0027924060821533205
19,pm10,2,ikNN,Original Features,default,0.5106424908132876,0.03270977106912613,0.20458518224720523,7,0,0.5545165061950683
20,fri_c4_1000_10,2,kNN,Original Features,n_neighbors=5,0.7629249035833003,0.032368749594086504,0.08937728825858182,10,0,0.0033908367156982424
20,fri_c4_1000_10,2,kNN,Original Features,n_neighbors=10,0.7493953398771575,0.024691240523941654,0.06354039416874313,10,0,0.0031913280487060546
20,fri_c4_1000_10,2,ikNN,Original Features,default,0.8319285570973621,0.013203821677088652,0.04307329776122304,10,0,1.8662073135375976
21,meta,2,kNN,Original Features,n_neighbors=5,0.4518639009906484,0.04534409538612148,0.1875743500688994,19,0,0.0019946575164794924
21,meta,2,kNN,Original Features,n_neighbors=10,0.4669892309854773,0.06057784319949917,0.12864357769993817,19,0,0.0019945144653320313
21,meta,2,ikNN,Original Features,default,0.5210687300670666,0.1408873281779882,0.07689231515684136,19,0,1.2628214359283447
22,fri_c1_500_50,2,kNN,Original Features,n_neighbors=5,0.5698407708573257,0.03126944407974157,0.17804618010358053,50,0,0.002393341064453125
22,fri_c1_500_50,2,kNN,Original Features,n_neighbors=10,0.5889444997779096,0.017896193172633332,0.09066389628629512,50,0,0.0019945621490478514
22,fri_c1_500_50,2,ikNN,Original Features,default,0.8059873688261441,0.05984038879396529,0.06773427450863789,50,0,2.0265782833099366
23,strikes,2,kNN,Original Features,n_neighbors=5,0.6211390744828724,0.17475106589098205,0.22116572896166875,6,0,0.0027922630310058595
23,strikes,2,kNN,Original Features,n_neighbors=10,0.6401243391845197,0.17163917011778448,0.16901305834354852,6,0,0.0025934219360351563
23,strikes,2,ikNN,Original Features,default,0.6895398018042664,0.14349786854434873,0.1963920851453258,6,0,0.45099358558654784
24,quake,3,kNN,Original Features,n_neighbors=5,0.51097717886029,0.008699865647236325,0.17030107523039195,3,0,0.003590297698974609
24,quake,3,kNN,Original Features,n_neighbors=10,0.5155440473754853,0.026305754759552113,0.11863882209306764,3,0,0.0035903453826904297
24,quake,3,ikNN,Original Features,default,0.5057702270572365,0.028466037835035023,0.1854941866016907,3,0,0.2349712371826172
25,disclosure_x_bias,2,kNN,Original Features,n_neighbors=5,0.5024392398852033,0.03554213379416865,0.18250115021215352,3,0,0.0021938800811767576
25,disclosure_x_bias,2,kNN,Original Features,n_neighbors=10,0.46239894521382396,0.05020382454333691,0.15893801713065603,3,0,0.001994466781616211
25,disclosure_x_bias,2,ikNN,Original Features,default,0.49715350168745404,0.08144864228843685,0.19056251159347098,3,0,0.09454731941223145
26,fri_c1_500_25,2,kNN,Original Features,n_neighbors=5,0.6328818930409714,0.04207351624938904,0.12004345091843782,25,0,0.0019948482513427734
26,fri_c1_500_25,2,kNN,Original Features,n_neighbors=10,0.6234346537481196,0.040208358591406985,0.05882333114586502,25,0,0.0019945621490478514
26,fri_c1_500_25,2,ikNN,Original Features,default,0.8357561782615915,0.04285752340306481,0.06400076167217839,25,0,1.4018495559692383
27,fri_c2_500_5,2,kNN,Original Features,n_neighbors=5,0.8837277132816258,0.023956575988692125,0.05168709401351024,5,0,0.0021940231323242187
27,fri_c2_500_5,2,kNN,Original Features,n_neighbors=10,0.8775266149551083,0.025141783287438428,0.03795741048105905,5,0,0.002393341064453125
27,fri_c2_500_5,2,ikNN,Original Features,default,0.8539994373240489,0.05122142891316147,0.045732211241648946,5,0,0.281247615814209
28,disclosure_x_tampered,2,kNN,Original Features,n_neighbors=5,0.4762543420721915,0.04269882125070426,0.2218983575484207,3,0,0.0021940231323242187
28,disclosure_x_tampered,2,kNN,Original Features,n_neighbors=10,0.4441111258520241,0.02404586491104115,0.16036380487262764,3,0,0.0023934364318847655
28,disclosure_x_tampered,2,ikNN,Original Features,default,0.5012855636713939,0.05172482818232547,0.1666626716132652,3,0,0.09833712577819824
29,fri_c4_1000_50,2,kNN,Original Features,n_neighbors=5,0.6143309547354632,0.02201079148002947,0.14264269350948022,50,0,0.003590297698974609
29,fri_c4_1000_50,2,kNN,Original Features,n_neighbors=10,0.6025719725867635,0.04482376245124622,0.09705256373142634,50,0,0.0025930404663085938
29,fri_c4_1000_50,2,ikNN,Original Features,default,0.8152909476497708,0.01922045330535888,0.06134013641886249,50,0,3.1980445861816404
30,fri_c0_1000_5,2,kNN,Original Features,n_neighbors=5,0.87285365235163,0.022304708580097025,0.04888320500679022,5,0,0.0033911705017089845
30,fri_c0_1000_5,2,kNN,Original Features,n_neighbors=10,0.8768500637706845,0.03030615623292937,0.026619432621026395,5,0,0.0029920101165771484
30,fri_c0_1000_5,2,ikNN,Original Features,default,0.7947811322555456,0.026516925858820043,0.07456750620162855,5,0,0.43164548873901365
31,pbcseq,2,kNN,Original Features,n_neighbors=5,0.48357146894841085,0.06512761071180884,0.37849763163340633,27,0,0.004986572265625
31,pbcseq,2,kNN,Original Features,n_neighbors=10,0.49742759824635013,0.06468552984315926,0.28388527778223777,27,0,0.003191518783569336
31,pbcseq,2,ikNN,Original Features,default,0.6609046831879171,0.039932115971105096,0.10821686560051202,27,0,4.065722894668579
32,fri_c4_500_50,2,kNN,Original Features,n_neighbors=5,0.7877484909994641,0.06838254593765544,0.10968671543208308,10,0,0.004787349700927734
32,fri_c4_500_50,2,kNN,Original Features,n_neighbors=10,0.8742607877018035,0.05673396729594069,0.05294690519615697,10,0,0.004388427734375
32,fri_c4_500_50,2,ikNN,Original Features,default,0.610967713792276,0.10416326893950012,0.012488865100810598,10,0,2.1859520435333253
33,fri_c3_1000_50,2,kNN,Original Features,n_neighbors=5,0.625922318271218,0.019058330148370693,0.1329587933889601,50,0,0.0027924060821533205
33,fri_c3_1000_50,2,kNN,Original Features,n_neighbors=10,0.6158671015350542,0.017623850501864203,0.07498901360722965,50,0,0.0023935317993164064
33,fri_c3_1000_50,2,ikNN,Original Features,default,0.8422208526314223,0.020872987387818866,0.051506582397558454,50,0,3.1623400688171386
34,fri_c3_1000_5,2,kNN,Original Features,n_neighbors=5,0.8844589214232436,0.021095785872506663,0.047172471260881976,5,0,0.0031916618347167967
34,fri_c3_1000_5,2,kNN,Original Features,n_neighbors=10,0.8848590337123342,0.025737885232713226,0.026534243562487903,5,0,0.0033913135528564455
34,fri_c3_1000_5,2,ikNN,Original Features,default,0.8386387180791836,0.010419373285532585,0.038521044575785424,5,0,0.41349353790283205
35,fri_c1_500_10,2,kNN,Original Features,n_neighbors=5,0.6913503243261955,0.06444058652967789,0.13610680244060447,10,0,0.0023935794830322265
35,fri_c1_500_10,2,kNN,Original Features,n_neighbors=10,0.7228614316211823,0.02797709017316186,0.060394044296907645,10,0,0.0025932788848876953
35,fri_c1_500_10,2,ikNN,Original Features,default,0.8739662478276811,0.052275844852565784,0.03298710533369187,10,0,1.1575035572052002
36,boston_corrected,2,kNN,Original Features,n_neighbors=5,0.5404851207566286,0.13476407313727973,0.35055073037520534,19,0,0.0021943092346191407
36,boston_corrected,2,kNN,Original Features,n_neighbors=10,0.510896803079906,0.130349621303264,0.3523952947638055,19,0,0.002393817901611328
36,boston_corrected,2,ikNN,Original Features,default,0.762313376136287,0.1260049128316568,0.1261490499982566,19,0,1.266411542892456
37,disclosure_x_noise,2,kNN,Original Features,n_neighbors=5,0.45560586340215325,0.048296614187689886,0.23090273804005446,3,0,0.002194118499755859
37,disclosure_x_noise,2,kNN,Original Features,n_neighbors=10,0.4286186932466479,0.010628577192312284,0.16275192864007682,3,0,0.001994800567626953
37,disclosure_x_noise,2,ikNN,Original Features,default,0.48958548936950397,0.028288726586846495,0.17682430839806607,3,0,0.09534459114074707
38,fri_c1_1000_50,2,kNN,Original Features,n_neighbors=5,0.5799277851854832,0.03437008975243429,0.16899967079068856,50,0,0.0029918670654296873
38,fri_c1_1000_50,2,kNN,Original Features,n_neighbors=10,0.5648059817226818,0.03371925826751616,0.10195115136582866,50,0,0.0025931358337402343
38,fri_c1_1000_50,2,ikNN,Original Features,default,0.8511227982972797,0.01128039754577953,0.04219820846430955,50,0,3.1753047466278077
39,fri_c4_500_25,2,kNN,Original Features,n_neighbors=5,0.6480756378078077,0.040383378777884,0.1323023873306629,25,0,0.002194070816040039
39,fri_c4_500_25,2,kNN,Original Features,n_neighbors=10,0.6273435941603392,0.008447194231623156,0.07942309682783799,25,0,0.0017951011657714843
39,fri_c4_500_25,2,ikNN,Original Features,default,0.8346159764632203,0.03876988289633857,0.05788651307241699,25,0,1.4060387134552002
40,kdd_el_nino-small,2,kNN,Original Features,n_neighbors=5,0.5265344562502378,0.11396350594674447,0.4386707678218871,8,0,0.0029921531677246094
40,kdd_el_nino-small,2,kNN,Original Features,n_neighbors=10,0.4616221729822897,0.09071342991367763,0.48555744754625574,8,0,0.002792644500732422
40,kdd_el_nino-small,2,ikNN,Original Features,default,0.7711015860394586,0.12300534615707162,0.09067020023277439,8,0,1.0077040672302247
41,stock,2,kNN,Original Features,n_neighbors=5,0.7410380926914852,0.2625069949312596,0.23578874413357875,9,0,0.0031918048858642577
41,stock,2,kNN,Original Features,n_neighbors=10,0.7692546923290504,0.24287129393452897,0.19096564769320723,9,0,0.003191375732421875
41,stock,2,ikNN,Original Features,default,0.6886034735207212,0.24999578874785075,0.2813867704513947,9,0,1.4239905834198
42,fri_c0_1000_10,2,kNN,Original Features,n_neighbors=5,0.7837916555990809,0.025990215062968423,0.09139524060359294,10,0,0.0031914710998535156
42,fri_c0_1000_10,2,kNN,Original Features,n_neighbors=10,0.822507779012484,0.026011489254338407,0.03133111312343284,10,0,0.0035905361175537108
42,fri_c0_1000_10,2,ikNN,Original Features,default,0.7789936381119344,0.04375797573411508,0.07498757692049429,10,0,1.8719917297363282
43,fri_c0_1000_25,2,kNN,Original Features,n_neighbors=5,0.6892810965406425,0.04418255514376547,0.1326721440829851,25,0,0.0023938655853271485
43,fri_c0_1000_25,2,kNN,Original Features,n_neighbors=10,0.7028546807165459,0.030777981842113597,0.07210223249067038,25,0,0.0021942615509033202
43,fri_c0_1000_25,2,ikNN,Original Features,default,0.7944324089034998,0.02119018067516969,0.06769519526101186,25,0,2.2162710189819337
44,boston,2,kNN,Original Features,n_neighbors=5,0.6665813212516978,0.13224091906125837,0.20552314880057,13,0,0.0031916618347167967
44,boston,2,kNN,Original Features,n_neighbors=10,0.6453653095824766,0.1608615826197329,0.18329449490777883,13,0,0.003191709518432617
44,boston,2,ikNN,Original Features,default,0.8277179330459555,0.09737321708774574,0.06200894396542822,13,0,1.0731291770935059
45,fri_c4_500_10,2,kNN,Original Features,n_neighbors=5,0.7733087364691233,0.025284687558894132,0.09041078520320833,10,0,0.0027924537658691405
45,fri_c4_500_10,2,kNN,Original Features,n_neighbors=10,0.7478856156362321,0.028815545507043096,0.07761670448375158,10,0,0.0023935794830322265
45,fri_c4_500_10,2,ikNN,Original Features,default,0.8345655452973475,0.055948676332942426,0.0648089424432935,10,0,1.209763526916504
46,fri_c2_1000_50,2,kNN,Original Features,n_neighbors=5,0.6252746409793993,0.04277335766265636,0.1274490839864474,50,0,0.002992105484008789
46,fri_c2_1000_50,2,kNN,Original Features,n_neighbors=10,0.603987797742776,0.025959609945181563,0.09493982180658844,50,0,0.0027927398681640626
46,fri_c2_1000_50,2,ikNN,Original Features,default,0.8352601900620462,0.028461209382926157,0.04394690204386398,50,0,3.244719362258911
47,fri_c2_500_10,2,kNN,Original Features,n_neighbors=5,0.7636109310680451,0.06036614221345078,0.06331504887203676,10,0,0.0023935794830322265
47,fri_c2_500_10,2,kNN,Original Features,n_neighbors=10,0.7470947781990859,0.04417659931651756,0.03609357620601028,10,0,0.002991771697998047
47,fri_c2_500_10,2,ikNN,Original Features,default,0.8280493046231326,0.031601447947904426,0.05670366552826578,10,0,1.2107608795166016
48,fri_c1_500_5,2,kNN,Original Features,n_neighbors=5,0.8447051870158668,0.040674581974947034,0.05325809781544977,5,0,0.0019945144653320313
48,fri_c1_500_5,2,kNN,Original Features,n_neighbors=10,0.836127068554382,0.03542724482817346,0.04678955263623441,5,0,0.003391122817993164
48,fri_c1_500_5,2,ikNN,Original Features,default,0.8666438458293522,0.018954848967960694,0.0181542906024873,5,0,0.27267069816589357
49,pollen,2,kNN,Original Features,n_neighbors=5,0.5102112608759487,0.009831996490809748,0.17611818686029435,5,0,0.00658259391784668
49,pollen,2,kNN,Original Features,n_neighbors=10,0.4979656382862171,0.018208826391945952,0.11332165600950861,5,0,0.006183481216430664
49,pollen,2,ikNN,Original Features,default,0.47749232194655694,0.014943876731121547,0.2266230410313344,5,0,1.2819702625274658
50,fri_c2_500_25,2,kNN,Original Features,n_neighbors=5,0.6446913227360622,0.05380679398852949,0.11121247671698142,25,0,0.002194499969482422
50,fri_c2_500_25,2,kNN,Original Features,n_neighbors=10,0.5723805975220432,0.025288379838110046,0.08926919742278716,25,0,0.001994800567626953
50,fri_c2_500_25,2,ikNN,Original Features,default,0.8287241747930658,0.058576355316451424,0.03536199273273133,25,0,1.3996553897857666
51,fri_c0_500_5,2,kNN,Original Features,n_neighbors=5,0.8337400185066703,0.016661481216305802,0.07324566616898809,5,0,0.0029919624328613283
51,fri_c0_500_5,2,kNN,Original Features,n_neighbors=10,0.8348084618172562,0.03300410203692343,0.05845542446880392,5,0,0.002595043182373047
51,fri_c0_500_5,2,ikNN,Original Features,default,0.8014858339291651,0.02873484514044194,0.0644864495544255,5,0,0.264691686630249
52,no2,2,kNN,Original Features,n_neighbors=5,0.5830428418276303,0.07130413826344859,0.14671067277929073,7,0,0.00299224853515625
52,no2,2,kNN,Original Features,n_neighbors=10,0.5891212615659729,0.04926212806000591,0.07319102609730122,7,0,0.002592802047729492
52,no2,2,ikNN,Original Features,default,0.5758036808867866,0.03128131581943473,0.1551266494724789,7,0,0.5577080726623536
53,fri_c0_500_50,2,kNN,Original Features,n_neighbors=5,0.7051365274122517,0.05133010236453895,0.11461331679664322,50,0,0.0027927398681640626
53,fri_c0_500_50,2,kNN,Original Features,n_neighbors=10,0.7229482330447842,0.03490885028750296,0.08242095299742158,50,0,0.0021938800811767576
53,fri_c0_500_50,2,ikNN,Original Features,default,0.7673793853125155,0.03997562962523535,0.07196106286345139,50,0,2.0519104480743406
54,fri_c3_500_25,2,kNN,Original Features,n_neighbors=5,0.6673485562439181,0.02202342688820114,0.11989414248553043,25,0,0.0019947052001953124
54,fri_c3_500_25,2,kNN,Original Features,n_neighbors=10,0.6431932381793456,0.02805782345640137,0.08714303228483355,25,0,0.0019945621490478514
54,fri_c3_500_25,2,ikNN,Original Features,default,0.8312579578323748,0.016641955742737257,0.05857071305012762,25,0,1.3920761585235595
55,fri_c2_1000_25,2,kNN,Original Features,n_neighbors=5,0.7011000265627088,0.020364278158564918,0.10167993843618306,25,0,0.0025930404663085938
55,fri_c2_1000_25,2,kNN,Original Features,n_neighbors=10,0.6920272599169058,0.03534449602842473,0.06709360931305497,25,0,0.0021943569183349608
55,fri_c2_1000_25,2,ikNN,Original Features,default,0.8506822100923761,0.028239696845355818,0.05199794478069897,25,0,2.1787713527679444
56,fri_c0_1000_50,2,kNN,Original Features,n_neighbors=5,0.6675645366767149,0.044315143811416956,0.14509388048338578,50,0,0.004388141632080078
56,fri_c0_1000_50,2,kNN,Original Features,n_neighbors=10,0.7010699272151183,0.042425818959389086,0.08138578685984976,50,0,0.0025932788848876953
56,fri_c0_1000_50,2,ikNN,Original Features,default,0.8047118252352968,0.035317796550732486,0.08346674510364716,50,0,3.3925238609313966
57,fri_c1_1000_10,2,kNN,Original Features,n_neighbors=5,0.764996952481442,0.02527638205685658,0.08477192901849073,10,0,0.003590106964111328
57,fri_c1_1000_10,2,kNN,Original Features,n_neighbors=10,0.7521984835033966,0.01971563550248865,0.059361735510561564,10,0,0.0035907268524169923
57,fri_c1_1000_10,2,ikNN,Original Features,default,0.8722015867993281,0.023193289399371455,0.029838067970283433,10,0,1.8983211994171143
58,fri_c2_1000_5,2,kNN,Original Features,n_neighbors=5,0.899619833296167,0.016657666415085422,0.04440912201111302,5,0,0.0027925968170166016
58,fri_c2_1000_5,2,kNN,Original Features,n_neighbors=10,0.9057770015648352,0.0048579004549466984,0.0262017365651942,5,0,0.002393817901611328
58,fri_c2_1000_5,2,ikNN,Original Features,default,0.8768367863570325,0.023328933526374017,0.041130774247460034,5,0,0.42665863037109375
59,fri_c2_1000_10,2,kNN,Original Features,n_neighbors=5,0.7845090807202666,0.03818542663876797,0.08470606587612317,10,0,0.003191423416137695
59,fri_c2_1000_10,2,kNN,Original Features,n_neighbors=10,0.7843856221928754,0.028250552515440164,0.04609869003618228,10,0,0.0031913280487060546
59,fri_c2_1000_10,2,ikNN,Original Features,default,0.8329913672809346,0.04946914948964763,0.053501567521375915,10,0,1.927044677734375
60,fri_c1_1000_25,2,kNN,Original Features,n_neighbors=5,0.6179346371948008,0.01757437603563101,0.148450828987423,25,0,0.0029920101165771484
60,fri_c1_1000_25,2,kNN,Original Features,n_neighbors=10,0.6316090338113698,0.027428402780621287,0.06685519670653461,25,0,0.0021940231323242187
60,fri_c1_1000_25,2,ikNN,Original Features,default,0.8506313223768235,0.02333211626474423,0.04298415003984568,25,0,2.2236512660980225
61,fri_c2_500_50,2,kNN,Original Features,n_neighbors=5,0.631311327084916,0.031615469889724995,0.12737798979297432,50,0,0.0021942138671875
61,fri_c2_500_50,2,kNN,Original Features,n_neighbors=10,0.6215490723265549,0.051136556215130274,0.08925582126335752,50,0,0.002193784713745117
61,fri_c2_500_50,2,ikNN,Original Features,default,0.883551343020415,0.043304012236049974,0.021807777734602518,50,0,2.1115508556365965
62,fri_c0_500_25,2,kNN,Original Features,n_neighbors=5,0.6556036845847443,0.04700490099810761,0.14652246829882742,25,0,0.001994609832763672
62,fri_c0_500_25,2,kNN,Original Features,n_neighbors=10,0.67539868202697,0.052224983182884814,0.0936887737490909,25,0,0.001994895935058594
62,fri_c0_500_25,2,ikNN,Original Features,default,0.7530857916008558,0.01502389638734251,0.10916870939091416,25,0,1.4247882843017579
63,colleges_usnews,2,kNN,Original Features,n_neighbors=5,0.6844927423237638,0.028050784639259772,0.10835652813829955,32,0,0.002991914749145508
63,colleges_usnews,2,kNN,Original Features,n_neighbors=10,0.691359474551355,0.031723539722381275,0.0628934865383931,32,0,0.0029921531677246094
63,colleges_usnews,2,ikNN,Original Features,default,0.6707368162198285,0.027607103663868718,0.10374172604974652,32,0,3.302963399887085
64,disclosure_z,2,kNN,Original Features,n_neighbors=5,0.48748118666746887,0.06054740101296482,0.19707870385853232,3,0,0.0023937225341796875
64,disclosure_z,2,kNN,Original Features,n_neighbors=10,0.47544957996363857,0.03833997000079159,0.14546143353283003,3,0,0.0025931358337402343
64,disclosure_z,2,ikNN,Original Features,default,0.48968976989589963,0.08596915190983902,0.19393390030117652,3,0,0.0967414379119873
65,fri_c3_500_10,2,kNN,Original Features,n_neighbors=5,0.7272354500909491,0.042219633083104405,0.10640452730271144,10,0,0.0025928974151611327
65,fri_c3_500_10,2,kNN,Original Features,n_neighbors=10,0.7270552142516152,0.05092691596425022,0.057954135972796195,10,0,0.0025928497314453127
65,fri_c3_500_10,2,ikNN,Original Features,default,0.8460565523533596,0.04542937100042486,0.062489430214567765,10,0,1.201386022567749
66,fri_c3_500_50,2,kNN,Original Features,n_neighbors=5,0.5266084495894378,0.07581712275062376,0.2206175141433535,50,0,0.002193927764892578
66,fri_c3_500_50,2,kNN,Original Features,n_neighbors=10,0.5597803103772561,0.05754447079702913,0.13327548536983036,50,0,0.0021942615509033202
66,fri_c3_500_50,2,ikNN,Original Features,default,0.7839352293225025,0.03725462344512306,0.09105597638183871,50,0,2.238212299346924
67,water-treatment,2,kNN,Original Features,n_neighbors=5,0.4916934578582496,0.038901344228988485,0.06696856068978396,36,0,0.0021943569183349608
67,water-treatment,2,kNN,Original Features,n_neighbors=10,0.47116686484268566,0.027501515126963486,0.0036464467914792964,36,0,0.0025931835174560548
67,water-treatment,2,ikNN,Original Features,default,0.5116987788966696,0.07731338892113636,0.12883569924494864,36,0,1.8829623699188232
68,fri_c0_500_10,2,kNN,Original Features,n_neighbors=5,0.7929379936876595,0.05107526196492223,0.08121825101411095,10,0,0.0025930404663085938
68,fri_c0_500_10,2,kNN,Original Features,n_neighbors=10,0.8018815339957979,0.028852060050292814,0.047290098879265385,10,0,0.0027923583984375
68,fri_c0_500_10,2,ikNN,Original Features,default,0.7781353544445198,0.014039695804378785,0.0720032277002638,10,0,1.2925422191619873
69,arsenic-male-bladder,2,kNN,Original Features,n_neighbors=5,0.6935989275690169,0.279706128216394,0.10966886939566556,4,0,0.0031913280487060546
69,arsenic-male-bladder,2,kNN,Original Features,n_neighbors=10,0.6820227001788359,0.2646472031726594,0.09466020929374341,4,0,0.0025930404663085938
69,arsenic-male-bladder,2,ikNN,Original Features,default,0.6820227001788359,0.2646472031726594,0.11000446549325804,4,0,0.1721397876739502
70,arsenic-female-bladder,2,kNN,Original Features,n_neighbors=5,0.4964998921986935,0.03570710154858951,0.20886614377804036,4,0,0.002592802047729492
70,arsenic-female-bladder,2,kNN,Original Features,n_neighbors=10,0.49636972329830237,0.05310985722277127,0.11750292302521531,4,0,0.0027927875518798826
70,arsenic-female-bladder,2,ikNN,Original Features,default,0.4989910903204143,0.05693883379172718,0.14210875398657435,4,0,0.17094273567199708
71,arsenic-female-lung,2,kNN,Original Features,n_neighbors=5,0.7625611906421257,0.2566669596594782,0.11313145106127576,4,0,0.002393674850463867
71,arsenic-female-lung,2,kNN,Original Features,n_neighbors=10,0.7354420921544209,0.2550842267978671,0.11908804968157782,4,0,0.0027925968170166016
71,arsenic-female-lung,2,ikNN,Original Features,default,0.7354420921544209,0.2550842267978671,0.12986058980656934,4,0,0.17513151168823243
72,arsenic-male-lung,2,kNN,Original Features,n_neighbors=5,0.8653050870697928,0.21931117282138324,0.08557162466188906,4,0,0.0025928497314453127
72,arsenic-male-lung,2,kNN,Original Features,n_neighbors=10,0.7981900081900082,0.27633971248993067,0.11991899932998829,4,0,0.002592945098876953
72,arsenic-male-lung,2,ikNN,Original Features,default,0.8653050870697928,0.21931117282138324,0.08557162466188906,4,0,0.18390779495239257
73,mfeat-morphological,2,kNN,Original Features,n_neighbors=5,0.883111272596012,0.09101028576883322,0.046642869929714004,6,0,0.004986619949340821
73,mfeat-morphological,2,kNN,Original Features,n_neighbors=10,0.859851723222721,0.08760798417521572,0.04538306212009302,6,0,0.004587411880493164
73,mfeat-morphological,2,ikNN,Original Features,default,0.9957543700856368,0.006344047436459438,4.7821513105450464e-05,6,0,1.2546423435211183
74,analcatdata_halloffame,2,kNN,Original Features,n_neighbors=5,0.8116819119762472,0.042049426300038883,0.04202280860194951,23,0,0.0029918670654296873
74,analcatdata_halloffame,2,kNN,Original Features,n_neighbors=10,0.8001014044670687,0.05511481157680793,0.033391398272392014,23,0,0.003192424774169922
74,analcatdata_halloffame,2,ikNN,Original Features,default,0.7996948089414379,0.04176029475866575,0.037749659011611425,23,0,2.8741106510162355
75,waveform-5000,2,kNN,Original Features,n_neighbors=5,0.844695051319943,0.00551983692039553,0.06043890398048524,40,0,0.006782150268554688
75,waveform-5000,2,kNN,Original Features,n_neighbors=10,0.8508115046149985,0.004976386078422445,0.034684477750638876,40,0,0.005784845352172852
75,waveform-5000,2,ikNN,Original Features,default,0.7694965502877607,0.008048385698834185,0.07229932985847021,40,0,7.691428565979004
76,cmc,2,kNN,Original Features,n_neighbors=5,0.6601718149931655,0.03718827694765327,0.10713333475438647,9,0,0.009175539016723633
76,cmc,2,kNN,Original Features,n_neighbors=10,0.6531885423571803,0.0323670926926002,0.060502251900959036,9,0,0.00598440170288086
76,cmc,2,ikNN,Original Features,default,0.6398192115136803,0.036330006356200255,0.02410242861275158,9,0,2.29785213470459
77,collins,2,kNN,Original Features,n_neighbors=5,0.135592375778592,0.01834551298867551,0.2349936637729338,19,0,0.0023933887481689454
77,collins,2,kNN,Original Features,n_neighbors=10,0.14405007498215147,0.03317217302253752,0.15239315864938033,19,0,0.001994466781616211
77,collins,2,ikNN,Original Features,default,0.08726248359233042,0.02707831147740707,0.3583434483941235,19,0,2.047721338272095
78,anneal,3,kNN,Original Features,n_neighbors=5,0.8279907270345813,0.07200403120294549,0.05177010636491042,96,0,0.003989648818969726
78,anneal,3,kNN,Original Features,n_neighbors=10,0.7373560219630043,0.08962496326875315,0.05992024293088549,96,0,0.0033905029296875
78,anneal,3,ikNN,Original Features,default,0.8696899417744184,0.035672254306889375,0.003060002982020027,96,0,5.251949310302734
79,eucalyptus,2,kNN,Original Features,n_neighbors=5,0.5240739284335879,0.12568320484466677,0.2667970593887118,68,0,0.0031912803649902345
79,eucalyptus,2,kNN,Original Features,n_neighbors=10,0.5321474345034428,0.14221030560464423,0.19531194408267238,68,0,0.003191518783569336
79,eucalyptus,2,ikNN,Original Features,default,0.5950146435181416,0.046431461006047794,0.1432087687181428,68,0,3.610939884185791
80,vehicle,2,kNN,Original Features,n_neighbors=5,0.8688809263367594,0.028576837295239632,0.05274258073908589,18,0,0.002792549133300781
80,vehicle,2,kNN,Original Features,n_neighbors=10,0.8322650950530278,0.041760594029812734,0.030798821193753434,18,0,0.0027924060821533205
80,vehicle,2,ikNN,Original Features,default,0.8783635711041725,0.03549155322173623,0.03488414026951203,18,0,1.935820722579956
81,mfeat-zernike,2,kNN,Original Features,n_neighbors=5,0.9727491991206406,0.019944325921288513,0.01506004090350288,47,0,0.003191089630126953
81,mfeat-zernike,2,kNN,Original Features,n_neighbors=10,0.9778352410801009,0.015626401659084157,0.006766284490485552,47,0,0.0033910274505615234
81,mfeat-zernike,2,ikNN,Original Features,default,0.9627239010302571,0.014291668278128167,0.0041917224051031265,47,0,5.030741500854492
82,balance-scale,2,kNN,Original Features,n_neighbors=5,0.760698160959721,0.019902403544970283,0.1998512979785484,4,0,0.0029915809631347657
82,balance-scale,2,kNN,Original Features,n_neighbors=10,0.811614616203667,0.07759495611561851,0.14348339567213986,4,0,0.0023933887481689454
82,balance-scale,2,ikNN,Original Features,default,0.7574783143595397,0.03051172523680485,0.0893287657107521,4,0,0.2216066837310791
83,hypothyroid,2,kNN,Original Features,n_neighbors=5,0.8007810560426682,0.03199172371892154,0.03180786747552844,76,0,0.00638284683227539
83,hypothyroid,2,kNN,Original Features,n_neighbors=10,0.7897340006532256,0.03668817154056178,0.013411673026034743,76,0,0.0075800418853759766
83,hypothyroid,2,ikNN,Original Features,default,0.9297127181922651,0.009526427595552672,0.003416836552294078,76,0,11.590405178070068
84,vowel,3,kNN,Original Features,n_neighbors=5,0.8314344736107234,0.08598480512997567,0.16856552638927658,29,0,0.0027914524078369142
84,vowel,3,kNN,Original Features,n_neighbors=10,0.788869492672405,0.09380947210186229,0.19778491076201443,29,0,0.0023937225341796875
84,vowel,3,ikNN,Original Features,default,0.8301776194659544,0.07117988019901017,0.08965451181867834,29,0,2.5830893516540527
85,ada_prior,1,kNN,Original Features,n_neighbors=5,0.575802714206133,0.023308822217424034,0.10400461713443798,70,0,0.005186319351196289
85,ada_prior,1,kNN,Original Features,n_neighbors=10,0.5376315563692333,0.01796320118895171,0.02828412857830931,70,0,0.0047871112823486325
85,ada_prior,1,ikNN,Original Features,default,0.6269281454741623,0.019780146727365173,0.01057227327663779,70,0,12.295106363296508
86,pc4,1,kNN,Original Features,n_neighbors=5,0.49701244722848303,0.030328463968353037,0.10666533626841479,37,0,0.0023932456970214844
86,pc4,1,kNN,Original Features,n_neighbors=10,0.4663187252308393,0.002309502580820734,0.01988631261040741,37,0,0.0027924060821533205
86,pc4,1,ikNN,Original Features,default,0.666388658568789,0.03377333931623472,0.03492716892030434,37,0,3.2854103088378905
87,pc3,1,kNN,Original Features,n_neighbors=5,0.4954280124073101,0.030564063097884887,0.1125634362459999,37,0,0.002792072296142578
87,pc3,1,kNN,Original Features,n_neighbors=10,0.47249378463286923,0.00048158879330215847,0.00824341356041991,37,0,0.0027924537658691405
87,pc3,1,ikNN,Original Features,default,0.4966821879679621,0.02438944725777703,0.033151660324077514,37,0,3.3841464042663576
88,kc2,1,kNN,Original Features,n_neighbors=5,0.6685564437018542,0.1558340515289415,0.09796138970600199,21,0,0.0021942138671875
88,kc2,1,kNN,Original Features,n_neighbors=10,0.6549274118863343,0.14123179633004565,0.051788618079317894,21,0,0.002393627166748047
88,kc2,1,ikNN,Original Features,default,0.6850354373078062,0.15871689562032174,0.07860819272308384,21,0,1.3613579750061036
89,kc1,1,kNN,Original Features,n_neighbors=5,0.5789616238785443,0.02779404483568623,0.1334007911650218,21,0,0.0023934364318847655
89,kc1,1,kNN,Original Features,n_neighbors=10,0.5528103171456277,0.01470729388938105,0.04998155293864437,21,0,0.0021943569183349608
89,kc1,1,ikNN,Original Features,default,0.5477408515115855,0.04174361184388352,0.07688425770798124,21,0,3.0410642623901367
90,pc1,1,kNN,Original Features,n_neighbors=5,0.5017670472210497,0.05196980254132825,0.11142723876527516,21,0,0.001994895935058594
90,pc1,1,kNN,Original Features,n_neighbors=10,0.5039650565326145,0.050717504053829264,0.06155512252094886,21,0,0.0021943092346191407
90,pc1,1,ikNN,Original Features,default,0.5039627833174466,0.029958235751723742,0.09266166767095285,21,0,1.92265625
91,PizzaCutter1,1,kNN,Original Features,n_neighbors=5,0.4778776310250222,0.0017383224620644282,0.0194948891762034,37,0,0.0021944522857666017
91,PizzaCutter1,1,kNN,Original Features,n_neighbors=10,0.4795274248008002,0.0010800614276354444,1.2643564317738054e-07,37,0,0.0027924060821533205
91,PizzaCutter1,1,ikNN,Original Features,default,0.5279672448818881,0.07334534193836806,0.0888302069646677,37,0,1.9661398887634278
92,PizzaCutter3,1,kNN,Original Features,n_neighbors=5,0.5048658399976688,0.0371510864288137,0.12416888609666799,37,0,0.0019945144653320313
92,PizzaCutter3,1,kNN,Original Features,n_neighbors=10,0.4673143170311603,0.0006539565479894996,0.00592186983770665,37,0,0.002592802047729492
92,PizzaCutter3,1,ikNN,Original Features,default,0.47386921222029565,0.017387451978814934,0.08363842923391862,37,0,2.7007752895355224
93,PieChart1,1,kNN,Original Features,n_neighbors=5,0.47344820867721904,0.005104312733288666,0.051797176409000056,37,0,0.0025931835174560548
93,PieChart1,1,kNN,Original Features,n_neighbors=10,0.4773895084675754,0.0008681965711895298,1.079525422220673e-06,37,0,0.002992105484008789
93,PieChart1,1,ikNN,Original Features,default,0.5048646798022347,0.041015944103767056,0.09242461085243814,37,0,2.007229804992676
94,PieChart2,1,kNN,Original Features,n_neighbors=5,0.49457165917214335,0.0007683019223970118,8.742876977385627e-07,36,0,0.0025931835174560548
94,PieChart2,1,kNN,Original Features,n_neighbors=10,0.49457165917214335,0.0007683019223970118,8.742876977385627e-07,36,0,0.002393627166748047
94,PieChart2,1,ikNN,Original Features,default,0.49457165917214335,0.0007683019223970118,8.742876977385627e-07,36,0,1.9992515563964843
95,PieChart3,1,kNN,Original Features,n_neighbors=5,0.5132152830919237,0.038075465797114565,0.10731760717547845,37,0,0.00299224853515625
95,PieChart3,1,kNN,Original Features,n_neighbors=10,0.4663020707092745,0.001080210940133079,0.016745930267107634,37,0,0.002991771697998047
95,PieChart3,1,ikNN,Original Features,default,0.4837643641349403,0.02534634031066536,0.04426909362431408,37,0,2.234829139709473
96,banknote-authentication,1,kNN,Original Features,n_neighbors=5,1.0,0.0,0.0,4,0,0.0023938655853271485
96,banknote-authentication,1,kNN,Original Features,n_neighbors=10,1.0,0.0,-0.00018446418446416146,4,0,0.0023938655853271485
96,banknote-authentication,1,ikNN,Original Features,default,0.9726546777739763,0.00965867993328135,0.006126025871417418,4,0,0.27945237159729003
97,blood-transfusion-service-center,1,kNN,Original Features,n_neighbors=5,0.4937333648946599,0.07222323346894896,0.22897627210990978,4,0,0.0023934364318847655
97,blood-transfusion-service-center,1,kNN,Original Features,n_neighbors=10,0.49424251660344104,0.043330914195316546,0.1343171720360103,4,0,0.0021943569183349608
97,blood-transfusion-service-center,1,ikNN,Original Features,default,0.45115445232933943,0.04286283746140485,0.14957661130933514,4,0,0.1906896114349365
98,ilpd,1,kNN,Original Features,n_neighbors=5,0.5909045134179653,0.007578501443510188,0.13689160861141714,50,0,0.001994800567626953
98,ilpd,1,kNN,Original Features,n_neighbors=10,0.563887389656762,0.0500402269724246,0.08448592990999226,50,0,0.0023935317993164064
98,ilpd,1,ikNN,Original Features,default,0.8275261780340429,0.02244989292616163,0.04758498775773545,50,0,1.5031789779663085
99,qsar-biodeg,1,kNN,Original Features,n_neighbors=5,0.7901526400917847,0.06856305070367283,0.06605874208602303,41,0,0.0025931835174560548
99,qsar-biodeg,1,kNN,Original Features,n_neighbors=10,0.7854476563570045,0.08471355385326323,0.04864385905661761,41,0,0.0023940563201904296
99,qsar-biodeg,1,ikNN,Original Features,default,0.7644309327863476,0.05826609814890283,0.05761660619463982,41,0,1.7926100730895995
